millis,stamp,datetime,soilmoisture
31000, 1565961060, 2019/8/16 13:11:0, 624
62000, 1565961060, 2019/8/16 13:11:0, 612
92998, 1565961060, 2019/8/16 13:11:0, 606
124000, 1565961060, 2019/8/16 13:11:0, 604
154998, 1565961060, 2019/8/16 13:11:0, 602
185999, 1565961060, 2019/8/16 13:11:0, 601
216998, 1565961060, 2019/8/16 13:11:0, 600
247999, 1565961060, 2019/8/16 13:11:0, 600
279000, 1565961060, 2019/8/16 13:11:0, 600
310000, 1565961060, 2019/8/16 13:11:0, 600
341000, 1565961060, 2019/8/16 13:11:0, 601
371998, 1565961060, 2019/8/16 13:11:0, 602
402999, 1565961060, 2019/8/16 13:11:0, 603
433998, 1565961060, 2019/8/16 13:11:0, 603
464999, 1565961060, 2019/8/16 13:11:0, 604
495998, 1565961060, 2019/8/16 13:11:0, 604
526999, 1565961060, 2019/8/16 13:11:0, 604
558000, 1565961060, 2019/8/16 13:11:0, 604
588999, 1565961060, 2019/8/16 13:11:0, 605
620000, 1565961060, 2019/8/16 13:11:0, 605
650999, 1565961060, 2019/8/16 13:11:0, 606
682000, 1565961060, 2019/8/16 13:11:0, 606
712999, 1565961060, 2019/8/16 13:11:0, 606
743999, 1565961060, 2019/8/16 13:11:0, 607
774999, 1565961060, 2019/8/16 13:11:0, 607
805999, 1565961060, 2019/8/16 13:11:0, 607
836999, 1565961060, 2019/8/16 13:11:0, 608
867999, 1565961060, 2019/8/16 13:11:0, 608
899000, 1565961060, 2019/8/16 13:11:0, 608
929999, 1565961060, 2019/8/16 13:11:0, 609
961000, 1565961060, 2019/8/16 13:11:0, 609
992000, 1565961060, 2019/8/16 13:11:0, 609
1023000, 1565961060, 2019/8/16 13:11:0, 610
1053999, 1565961060, 2019/8/16 13:11:0, 610
1084998, 1565961060, 2019/8/16 13:11:0, 610
1116000, 1565961060, 2019/8/16 13:11:0, 610
1146999, 1565961060, 2019/8/16 13:11:0, 611
1177999, 1565961060, 2019/8/16 13:11:0, 611
1208998, 1565961060, 2019/8/16 13:11:0, 611
1239999, 1565961060, 2019/8/16 13:11:0, 611
1270999, 1565961060, 2019/8/16 13:11:0, 611
1302000, 1565961060, 2019/8/16 13:11:0, 611
1333000, 1565961060, 2019/8/16 13:11:0, 611
1363999, 1565961060, 2019/8/16 13:11:0, 612
1394999, 1565961060, 2019/8/16 13:11:0, 612
1425998, 1565961060, 2019/8/16 13:11:0, 612
1457000, 1565961060, 2019/8/16 13:11:0, 612
1488000, 1565961060, 2019/8/16 13:11:0, 613
1518999, 1565961060, 2019/8/16 13:11:0, 613
1549999, 1565961060, 2019/8/16 13:11:0, 613
1580998, 1565961060, 2019/8/16 13:11:0, 614
1612000, 1565961060, 2019/8/16 13:11:0, 614
1642999, 1565961060, 2019/8/16 13:11:0, 613
1674000, 1565961060, 2019/8/16 13:11:0, 614
1704998, 1565961060, 2019/8/16 13:11:0, 614
1735999, 1565961060, 2019/8/16 13:11:0, 614
1766999, 1565961060, 2019/8/16 13:11:0, 614
1797999, 1565961060, 2019/8/16 13:11:0, 614
1828999, 1565961060, 2019/8/16 13:11:0, 615
1859998, 1565961060, 2019/8/16 13:11:0, 615
1890999, 1565961060, 2019/8/16 13:11:0, 615
1921999, 1565961060, 2019/8/16 13:11:0, 615
1953000, 1565961060, 2019/8/16 13:11:0, 616
1983998, 1565961060, 2019/8/16 13:11:0, 615
2014999, 1565961060, 2019/8/16 13:11:0, 616
2045999, 1565961060, 2019/8/16 13:11:0, 616
2076998, 1565961060, 2019/8/16 13:11:0, 616
2108000, 1565961060, 2019/8/16 13:11:0, 616
2138999, 1565961060, 2019/8/16 13:11:0, 616
2169999, 1565961060, 2019/8/16 13:11:0, 616
2200998, 1565961060, 2019/8/16 13:11:0, 617
2232000, 1565961060, 2019/8/16 13:11:0, 617
2263000, 1565961060, 2019/8/16 13:11:0, 616
2293999, 1565961060, 2019/8/16 13:11:0, 616
2324999, 1565961060, 2019/8/16 13:11:0, 617
2355998, 1565961060, 2019/8/16 13:11:0, 617
2386999, 1565961060, 2019/8/16 13:11:0, 617
2417999, 1565961060, 2019/8/16 13:11:0, 617
2449000, 1565961060, 2019/8/16 13:11:0, 618
2479998, 1565961060, 2019/8/16 13:11:0, 617
2510999, 1565961060, 2019/8/16 13:11:0, 618
2542000, 1565961060, 2019/8/16 13:11:0, 617
2572999, 1565961060, 2019/8/16 13:11:0, 618
2603999, 1565961060, 2019/8/16 13:11:0, 618
2634998, 1565961060, 2019/8/16 13:11:0, 618
2665999, 1565961060, 2019/8/16 13:11:0, 618
2696998, 1565961060, 2019/8/16 13:11:0, 618
2728000, 1565961060, 2019/8/16 13:11:0, 619
2759000, 1565961060, 2019/8/16 13:11:0, 619
2790000, 1565961060, 2019/8/16 13:11:0, 619
2820999, 1565961060, 2019/8/16 13:11:0, 619
2851998, 1565961060, 2019/8/16 13:11:0, 621
2882999, 1565961060, 2019/8/16 13:11:0, 619
2913999, 1565961060, 2019/8/16 13:11:0, 620
2945000, 1565961060, 2019/8/16 13:11:0, 619
2976000, 1565961060, 2019/8/16 13:11:0, 619
3006999, 1565961060, 2019/8/16 13:11:0, 620
3037999, 1565961060, 2019/8/16 13:11:0, 619
3068998, 1565961060, 2019/8/16 13:11:0, 620
3099999, 1565961060, 2019/8/16 13:11:0, 620
3130999, 1565961060, 2019/8/16 13:11:0, 620
3162000, 1565961060, 2019/8/16 13:11:0, 620
3192998, 1565961060, 2019/8/16 13:11:0, 620
3223999, 1565961060, 2019/8/16 13:11:0, 621
3255000, 1565961060, 2019/8/16 13:11:0, 621
3286000, 1565961060, 2019/8/16 13:11:0, 621
3317000, 1565961060, 2019/8/16 13:11:0, 621
3347999, 1565961060, 2019/8/16 13:11:0, 621
3378999, 1565961060, 2019/8/16 13:11:0, 621
3409998, 1565961060, 2019/8/16 13:11:0, 621
3440999, 1565961060, 2019/8/16 13:11:0, 621
3471998, 1565961060, 2019/8/16 13:11:0, 621
3503000, 1565961060, 2019/8/16 13:11:0, 622
3534000, 1565961060, 2019/8/16 13:11:0, 622
3564998, 1565961060, 2019/8/16 13:11:0, 622
3595999, 1565961060, 2019/8/16 13:11:0, 622
3626999, 1565961060, 2019/8/16 13:11:0, 622
3658000, 1565961060, 2019/8/16 13:11:0, 622
3688998, 1565961060, 2019/8/16 13:11:0, 622
3719999, 1565961060, 2019/8/16 13:11:0, 622
3750999, 1565961060, 2019/8/16 13:11:0, 622
3781999, 1565961060, 2019/8/16 13:11:0, 622
3813000, 1565961060, 2019/8/16 13:11:0, 623
3843999, 1565961060, 2019/8/16 13:11:0, 622
3874999, 1565961060, 2019/8/16 13:11:0, 623
3905998, 1565961060, 2019/8/16 13:11:0, 623
3937000, 1565961060, 2019/8/16 13:11:0, 623
3968000, 1565961060, 2019/8/16 13:11:0, 623
3998999, 1565961060, 2019/8/16 13:11:0, 623
4029999, 1565961060, 2019/8/16 13:11:0, 623
4060998, 1565961060, 2019/8/16 13:11:0, 623
4091999, 1565961060, 2019/8/16 13:11:0, 623
4122998, 1565961060, 2019/8/16 13:11:0, 623
4154000, 1565961060, 2019/8/16 13:11:0, 623
4184999, 1565961060, 2019/8/16 13:11:0, 623
4215999, 1565961060, 2019/8/16 13:11:0, 623
4246999, 1565961060, 2019/8/16 13:11:0, 623
4277999, 1565961060, 2019/8/16 13:11:0, 623
4309000, 1565961060, 2019/8/16 13:11:0, 624
4339998, 1565961060, 2019/8/16 13:11:0, 624
4370999, 1565961060, 2019/8/16 13:11:0, 624
4401998, 1565961060, 2019/8/16 13:11:0, 624
4432999, 1565961060, 2019/8/16 13:11:0, 624
4464000, 1565961060, 2019/8/16 13:11:0, 624
4495000, 1565961060, 2019/8/16 13:11:0, 625
4525999, 1565961060, 2019/8/16 13:11:0, 624
4556998, 1565961060, 2019/8/16 13:11:0, 625
4587999, 1565961060, 2019/8/16 13:11:0, 624
4618999, 1565961060, 2019/8/16 13:11:0, 624
4649999, 1565961060, 2019/8/16 13:11:0, 625
4680998, 1565961060, 2019/8/16 13:11:0, 625
4711999, 1565961060, 2019/8/16 13:11:0, 625
4743000, 1565961060, 2019/8/16 13:11:0, 625
4774000, 1565961060, 2019/8/16 13:11:0, 625
4805000, 1565961060, 2019/8/16 13:11:0, 625
4835998, 1565961060, 2019/8/16 13:11:0, 625
4866999, 1565961060, 2019/8/16 13:11:0, 625
4897998, 1565961060, 2019/8/16 13:11:0, 625
4928999, 1565961060, 2019/8/16 13:11:0, 625
4960000, 1565961060, 2019/8/16 13:11:0, 626
4990999, 1565961060, 2019/8/16 13:11:0, 626
5021999, 1565961060, 2019/8/16 13:11:0, 625
5052999, 1565961060, 2019/8/16 13:11:0, 626
5084000, 1565961060, 2019/8/16 13:11:0, 626
5114999, 1565961060, 2019/8/16 13:11:0, 626
5145999, 1565961060, 2019/8/16 13:11:0, 626
5176998, 1565961060, 2019/8/16 13:11:0, 626
5207999, 1565961060, 2019/8/16 13:11:0, 626
5239000, 1565961060, 2019/8/16 13:11:0, 626
5269999, 1565961060, 2019/8/16 13:11:0, 626
5300999, 1565961060, 2019/8/16 13:11:0, 626
5331999, 1565961060, 2019/8/16 13:11:0, 626
5362999, 1565961060, 2019/8/16 13:11:0, 626
5393998, 1565961060, 2019/8/16 13:11:0, 626
5424999, 1565961060, 2019/8/16 13:11:0, 626
5455998, 1565961060, 2019/8/16 13:11:0, 626
5487000, 1565961060, 2019/8/16 13:11:0, 626
5518000, 1565961060, 2019/8/16 13:11:0, 626
5548998, 1565961060, 2019/8/16 13:11:0, 627
5579999, 1565961060, 2019/8/16 13:11:0, 627
5610998, 1565961060, 2019/8/16 13:11:0, 626
5642000, 1565961060, 2019/8/16 13:11:0, 627
5672999, 1565961060, 2019/8/16 13:11:0, 626
5703999, 1565961060, 2019/8/16 13:11:0, 626
5734999, 1565961060, 2019/8/16 13:11:0, 626
5766000, 1565961060, 2019/8/16 13:11:0, 626
5797000, 1565961060, 2019/8/16 13:11:0, 627
5827998, 1565961060, 2019/8/16 13:11:0, 627
5858999, 1565961060, 2019/8/16 13:11:0, 627
5889998, 1565961060, 2019/8/16 13:11:0, 627
5921000, 1565961060, 2019/8/16 13:11:0, 627
5952000, 1565961060, 2019/8/16 13:11:0, 627
5983000, 1565961060, 2019/8/16 13:11:0, 627
6013999, 1565961060, 2019/8/16 13:11:0, 627
6044999, 1565961060, 2019/8/16 13:11:0, 628
6076000, 1565961060, 2019/8/16 13:11:0, 627
6106998, 1565961060, 2019/8/16 13:11:0, 627
6137999, 1565961060, 2019/8/16 13:11:0, 627
6168998, 1565961060, 2019/8/16 13:11:0, 627
6199999, 1565961060, 2019/8/16 13:11:0, 628
6231000, 1565961060, 2019/8/16 13:11:0, 628
6262000, 1565961060, 2019/8/16 13:11:0, 628
6292999, 1565961060, 2019/8/16 13:11:0, 628
6323998, 1565961060, 2019/8/16 13:11:0, 628
6354999, 1565961060, 2019/8/16 13:11:0, 627
6385999, 1565961060, 2019/8/16 13:11:0, 628
6416999, 1565961060, 2019/8/16 13:11:0, 628
6447998, 1565961060, 2019/8/16 13:11:0, 628
6478999, 1565961060, 2019/8/16 13:11:0, 628
6509999, 1565961060, 2019/8/16 13:11:0, 628
6540999, 1565961060, 2019/8/16 13:11:0, 628
6572000, 1565961060, 2019/8/16 13:11:0, 628
6602998, 1565961060, 2019/8/16 13:11:0, 628
6633999, 1565961060, 2019/8/16 13:11:0, 628
6664998, 1565961060, 2019/8/16 13:11:0, 628
6695999, 1565961060, 2019/8/16 13:11:0, 628
6727000, 1565961060, 2019/8/16 13:11:0, 629
6757998, 1565961060, 2019/8/16 13:11:0, 629
6788999, 1565961060, 2019/8/16 13:11:0, 628
6819998, 1565961060, 2019/8/16 13:11:0, 628
6851000, 1565961060, 2019/8/16 13:11:0, 629
6881999, 1565961060, 2019/8/16 13:11:0, 629
6912999, 1565961060, 2019/8/16 13:11:0, 628
6943998, 1565961060, 2019/8/16 13:11:0, 629
6974999, 1565961060, 2019/8/16 13:11:0, 629
7005999, 1565961060, 2019/8/16 13:11:0, 629
7036999, 1565961060, 2019/8/16 13:11:0, 629
7068000, 1565961060, 2019/8/16 13:11:0, 628
7098998, 1565961060, 2019/8/16 13:11:0, 628
7130000, 1565961060, 2019/8/16 13:11:0, 629
7160998, 1565961060, 2019/8/16 13:11:0, 629
7191999, 1565961060, 2019/8/16 13:11:0, 629
7222999, 1565961060, 2019/8/16 13:11:0, 629
7253999, 1565961060, 2019/8/16 13:11:0, 629
7285000, 1565961060, 2019/8/16 13:11:0, 629
7315999, 1565961060, 2019/8/16 13:11:0, 629
7346999, 1565961060, 2019/8/16 13:11:0, 629
7377998, 1565961060, 2019/8/16 13:11:0, 629
7408999, 1565961060, 2019/8/16 13:11:0, 629
7440000, 1565961060, 2019/8/16 13:11:0, 629
7470999, 1565961060, 2019/8/16 13:11:0, 629
7501999, 1565961060, 2019/8/16 13:11:0, 629
7532998, 1565961060, 2019/8/16 13:11:0, 629
7564000, 1565961060, 2019/8/16 13:11:0, 629
7594999, 1565961060, 2019/8/16 13:11:0, 629
7625999, 1565961060, 2019/8/16 13:11:0, 630
7656998, 1565961060, 2019/8/16 13:11:0, 629
7687999, 1565961060, 2019/8/16 13:11:0, 629
7718999, 1565961060, 2019/8/16 13:11:0, 630
7750000, 1565961060, 2019/8/16 13:11:0, 629
7781000, 1565961060, 2019/8/16 13:11:0, 629
7811998, 1565961060, 2019/8/16 13:11:0, 630
7843000, 1565961060, 2019/8/16 13:11:0, 629
7873999, 1565961060, 2019/8/16 13:11:0, 630
7905000, 1565961060, 2019/8/16 13:11:0, 630
7935998, 1565961060, 2019/8/16 13:11:0, 630
7966999, 1565961060, 2019/8/16 13:11:0, 630
7997999, 1565961060, 2019/8/16 13:11:0, 630
8028998, 1565961060, 2019/8/16 13:11:0, 630
8059999, 1565961060, 2019/8/16 13:11:0, 630
8090999, 1565961060, 2019/8/16 13:11:0, 630
8122000, 1565961060, 2019/8/16 13:11:0, 630
8152998, 1565961060, 2019/8/16 13:11:0, 630
8183999, 1565961060, 2019/8/16 13:11:0, 630
8215000, 1565961060, 2019/8/16 13:11:0, 630
8246000, 1565961060, 2019/8/16 13:11:0, 630
8276999, 1565961060, 2019/8/16 13:11:0, 630
8307998, 1565961060, 2019/8/16 13:11:0, 630
8338999, 1565961060, 2019/8/16 13:11:0, 630
8369998, 1565961060, 2019/8/16 13:11:0, 630
8401000, 1565961060, 2019/8/16 13:11:0, 630
8432000, 1565961060, 2019/8/16 13:11:0, 630
8462999, 1565961060, 2019/8/16 13:11:0, 630
8493999, 1565961060, 2019/8/16 13:11:0, 630
8524999, 1565961060, 2019/8/16 13:11:0, 631
8556000, 1565961060, 2019/8/16 13:11:0, 631
8586998, 1565961060, 2019/8/16 13:11:0, 630
8617999, 1565961060, 2019/8/16 13:11:0, 630
8648998, 1565961060, 2019/8/16 13:11:0, 631
8679999, 1565961060, 2019/8/16 13:11:0, 631
8711000, 1565961060, 2019/8/16 13:11:0, 630
8742000, 1565961060, 2019/8/16 13:11:0, 630
8772999, 1565961060, 2019/8/16 13:11:0, 631
8803998, 1565961060, 2019/8/16 13:11:0, 630
8834999, 1565961060, 2019/8/16 13:11:0, 631
8865999, 1565961060, 2019/8/16 13:11:0, 631
8896999, 1565961060, 2019/8/16 13:11:0, 631
8927998, 1565961060, 2019/8/16 13:11:0, 630
8958999, 1565961060, 2019/8/16 13:11:0, 631
8990000, 1565961060, 2019/8/16 13:11:0, 631
9020999, 1565961060, 2019/8/16 13:11:0, 631
9051999, 1565961060, 2019/8/16 13:11:0, 631
9082999, 1565961060, 2019/8/16 13:11:0, 630
9114000, 1565961060, 2019/8/16 13:11:0, 631
9144999, 1565961060, 2019/8/16 13:11:0, 631
9175999, 1565961060, 2019/8/16 13:11:0, 630
9207000, 1565961060, 2019/8/16 13:11:0, 631
9238000, 1565961060, 2019/8/16 13:11:0, 631
9268999, 1565961060, 2019/8/16 13:11:0, 631
9299998, 1565961060, 2019/8/16 13:11:0, 631
9330999, 1565961060, 2019/8/16 13:11:0, 631
9361998, 1565961060, 2019/8/16 13:11:0, 631
9393000, 1565961060, 2019/8/16 13:11:0, 631
9424000, 1565961060, 2019/8/16 13:11:0, 631
9454999, 1565961060, 2019/8/16 13:11:0, 631
9485999, 1565961060, 2019/8/16 13:11:0, 631
9516998, 1565961060, 2019/8/16 13:11:0, 631
9548000, 1565961060, 2019/8/16 13:11:0, 631
9578998, 1565961060, 2019/8/16 13:11:0, 631
9609999, 1565961060, 2019/8/16 13:11:0, 631
9640998, 1565961060, 2019/8/16 13:11:0, 631
9672000, 1565961060, 2019/8/16 13:11:0, 631
9703000, 1565961060, 2019/8/16 13:11:0, 631
9733999, 1565961060, 2019/8/16 13:11:0, 631
9764999, 1565961060, 2019/8/16 13:11:0, 631
9795998, 1565961060, 2019/8/16 13:11:0, 631
9826999, 1565961060, 2019/8/16 13:11:0, 631
9857999, 1565961060, 2019/8/16 13:11:0, 631
9889000, 1565961060, 2019/8/16 13:11:0, 631
9919998, 1565961060, 2019/8/16 13:11:0, 631
9950999, 1565961060, 2019/8/16 13:11:0, 631
9982000, 1565961060, 2019/8/16 13:11:0, 631
10012999, 1565961060, 2019/8/16 13:11:0, 631
10043999, 1565961060, 2019/8/16 13:11:0, 631
10074998, 1565961060, 2019/8/16 13:11:0, 631
10106000, 1565961060, 2019/8/16 13:11:0, 631
10136999, 1565961060, 2019/8/16 13:11:0, 631
10167999, 1565961060, 2019/8/16 13:11:0, 632
10198999, 1565961060, 2019/8/16 13:11:0, 631
10230000, 1565961060, 2019/8/16 13:11:0, 631
10260999, 1565961060, 2019/8/16 13:11:0, 631
10291998, 1565961060, 2019/8/16 13:11:0, 631
10323000, 1565961060, 2019/8/16 13:11:0, 631
10353999, 1565961060, 2019/8/16 13:11:0, 631
10384999, 1565961060, 2019/8/16 13:11:0, 632
10415998, 1565961060, 2019/8/16 13:11:0, 631
10447000, 1565961060, 2019/8/16 13:11:0, 631
10478000, 1565961060, 2019/8/16 13:11:0, 632
10508998, 1565961060, 2019/8/16 13:11:0, 631
10539999, 1565961060, 2019/8/16 13:11:0, 631
10570999, 1565961060, 2019/8/16 13:11:0, 632
10601999, 1565961060, 2019/8/16 13:11:0, 632
10632998, 1565961060, 2019/8/16 13:11:0, 632
10664000, 1565961060, 2019/8/16 13:11:0, 632
10694999, 1565961060, 2019/8/16 13:11:0, 632
10725999, 1565961060, 2019/8/16 13:11:0, 631
10756999, 1565961060, 2019/8/16 13:11:0, 632
10787999, 1565961060, 2019/8/16 13:11:0, 631
10818999, 1565961060, 2019/8/16 13:11:0, 632
10849998, 1565961060, 2019/8/16 13:11:0, 631
10880999, 1565961060, 2019/8/16 13:11:0, 632
10912000, 1565961060, 2019/8/16 13:11:0, 632
10942998, 1565961060, 2019/8/16 13:11:0, 632
10974000, 1565961060, 2019/8/16 13:11:0, 632
11004998, 1565961060, 2019/8/16 13:11:0, 632
11035999, 1565961060, 2019/8/16 13:11:0, 632
11066999, 1565961060, 2019/8/16 13:11:0, 632
11098000, 1565961060, 2019/8/16 13:11:0, 632
11128998, 1565961060, 2019/8/16 13:11:0, 632
11159999, 1565961060, 2019/8/16 13:11:0, 632
11191000, 1565961060, 2019/8/16 13:11:0, 632
11222000, 1565961060, 2019/8/16 13:11:0, 631
11252999, 1565961060, 2019/8/16 13:11:0, 631
11283998, 1565961060, 2019/8/16 13:11:0, 632
11315000, 1565961060, 2019/8/16 13:11:0, 632
11345998, 1565961060, 2019/8/16 13:11:0, 632
11376999, 1565961060, 2019/8/16 13:11:0, 632
11408000, 1565961060, 2019/8/16 13:11:0, 632
11439000, 1565961060, 2019/8/16 13:11:0, 632
11469999, 1565961060, 2019/8/16 13:11:0, 632
11500998, 1565961060, 2019/8/16 13:11:0, 632
11532000, 1565961060, 2019/8/16 13:11:0, 632
11562999, 1565961060, 2019/8/16 13:11:0, 632
11593999, 1565961060, 2019/8/16 13:11:0, 632
11624998, 1565961060, 2019/8/16 13:11:0, 632
11655999, 1565961060, 2019/8/16 13:11:0, 632
11686999, 1565961060, 2019/8/16 13:11:0, 632
11718000, 1565961060, 2019/8/16 13:11:0, 632
11749000, 1565961060, 2019/8/16 13:11:0, 633
11779998, 1565961060, 2019/8/16 13:11:0, 632
11810999, 1565961060, 2019/8/16 13:11:0, 632
11841998, 1565961060, 2019/8/16 13:11:0, 632
11873000, 1565961060, 2019/8/16 13:11:0, 632
11904000, 1565961060, 2019/8/16 13:11:0, 632
11934999, 1565961060, 2019/8/16 13:11:0, 632
11965999, 1565961060, 2019/8/16 13:11:0, 632
11996998, 1565961060, 2019/8/16 13:11:0, 632
12027999, 1565961060, 2019/8/16 13:11:0, 632
12058999, 1565961060, 2019/8/16 13:11:0, 632
12090000, 1565961060, 2019/8/16 13:11:0, 632
12120998, 1565961060, 2019/8/16 13:11:0, 632
12151999, 1565961060, 2019/8/16 13:11:0, 632
12183000, 1565961060, 2019/8/16 13:11:0, 632
12214000, 1565961060, 2019/8/16 13:11:0, 632
12244999, 1565961060, 2019/8/16 13:11:0, 632
12275998, 1565961060, 2019/8/16 13:11:0, 633
12307000, 1565961060, 2019/8/16 13:11:0, 632
12337998, 1565961060, 2019/8/16 13:11:0, 633
12368999, 1565961060, 2019/8/16 13:11:0, 632
12400000, 1565961060, 2019/8/16 13:11:0, 632
12430999, 1565961060, 2019/8/16 13:11:0, 632
12461999, 1565961060, 2019/8/16 13:11:0, 632
12492998, 1565961060, 2019/8/16 13:11:0, 633
12524000, 1565961060, 2019/8/16 13:11:0, 632
12554998, 1565961060, 2019/8/16 13:11:0, 633
12585999, 1565961060, 2019/8/16 13:11:0, 633
12616998, 1565961060, 2019/8/16 13:11:0, 632
12648000, 1565961060, 2019/8/16 13:11:0, 633
12678999, 1565961060, 2019/8/16 13:11:0, 632
12710000, 1565961060, 2019/8/16 13:11:0, 632
12741000, 1565961060, 2019/8/16 13:11:0, 632
12771998, 1565961060, 2019/8/16 13:11:0, 633
12802999, 1565961060, 2019/8/16 13:11:0, 632
12833999, 1565961060, 2019/8/16 13:11:0, 632
12864999, 1565961060, 2019/8/16 13:11:0, 632
12895998, 1565961060, 2019/8/16 13:11:0, 632
12927000, 1565961060, 2019/8/16 13:11:0, 633
12958000, 1565961060, 2019/8/16 13:11:0, 632
12988998, 1565961060, 2019/8/16 13:11:0, 633
13020000, 1565961060, 2019/8/16 13:11:0, 632
13050998, 1565961060, 2019/8/16 13:11:0, 633
13081999, 1565961060, 2019/8/16 13:11:0, 633
13112998, 1565961060, 2019/8/16 13:11:0, 633
13144000, 1565961060, 2019/8/16 13:11:0, 632
13174999, 1565961060, 2019/8/16 13:11:0, 633
13205999, 1565961060, 2019/8/16 13:11:0, 633
13237000, 1565961060, 2019/8/16 13:11:0, 633
13267999, 1565961060, 2019/8/16 13:11:0, 633
13298999, 1565961060, 2019/8/16 13:11:0, 633
13329998, 1565961060, 2019/8/16 13:11:0, 633
13361000, 1565961060, 2019/8/16 13:11:0, 633
13391998, 1565961060, 2019/8/16 13:11:0, 633
13422999, 1565961060, 2019/8/16 13:11:0, 633
13454000, 1565961060, 2019/8/16 13:11:0, 633
13484998, 1565961060, 2019/8/16 13:11:0, 633
13515999, 1565961060, 2019/8/16 13:11:0, 633
13546999, 1565961060, 2019/8/16 13:11:0, 633
13578000, 1565961060, 2019/8/16 13:11:0, 633
13608998, 1565961060, 2019/8/16 13:11:0, 633
13639999, 1565961060, 2019/8/16 13:11:0, 633
13671000, 1565961060, 2019/8/16 13:11:0, 633
13702000, 1565961060, 2019/8/16 13:11:0, 633
13732999, 1565961060, 2019/8/16 13:11:0, 633
13763999, 1565961060, 2019/8/16 13:11:0, 633
13794999, 1565961060, 2019/8/16 13:11:0, 633
13825998, 1565961060, 2019/8/16 13:11:0, 633
13856999, 1565961060, 2019/8/16 13:11:0, 633
13888000, 1565961060, 2019/8/16 13:11:0, 633
13918999, 1565961060, 2019/8/16 13:11:0, 633
13949999, 1565961060, 2019/8/16 13:11:0, 633
13980998, 1565961060, 2019/8/16 13:11:0, 633
14012000, 1565961060, 2019/8/16 13:11:0, 633
14042998, 1565961060, 2019/8/16 13:11:0, 633
14074000, 1565961060, 2019/8/16 13:11:0, 633
14104999, 1565961060, 2019/8/16 13:11:0, 634
14135999, 1565961060, 2019/8/16 13:11:0, 633
14166999, 1565961060, 2019/8/16 13:11:0, 633
14198000, 1565961060, 2019/8/16 13:11:0, 633
14229000, 1565961060, 2019/8/16 13:11:0, 633
14259998, 1565961060, 2019/8/16 13:11:0, 633
14290999, 1565961060, 2019/8/16 13:11:0, 633
14321999, 1565961060, 2019/8/16 13:11:0, 633
14353000, 1565961060, 2019/8/16 13:11:0, 633
14383998, 1565961060, 2019/8/16 13:11:0, 633
14415000, 1565961060, 2019/8/16 13:11:0, 633
14445999, 1565961060, 2019/8/16 13:11:0, 633
14476998, 1565961060, 2019/8/16 13:11:0, 633
14507999, 1565961060, 2019/8/16 13:11:0, 633
14538999, 1565961060, 2019/8/16 13:11:0, 633
14569999, 1565961060, 2019/8/16 13:11:0, 633
14600998, 1565961060, 2019/8/16 13:11:0, 633
14631999, 1565961060, 2019/8/16 13:11:0, 633
14663000, 1565961060, 2019/8/16 13:11:0, 633
14693999, 1565961060, 2019/8/16 13:11:0, 634
14725000, 1565961060, 2019/8/16 13:11:0, 633
14755999, 1565961060, 2019/8/16 13:11:0, 634
14786999, 1565961060, 2019/8/16 13:11:0, 633
14817998, 1565961060, 2019/8/16 13:11:0, 633
14849000, 1565961060, 2019/8/16 13:11:0, 633
14880000, 1565961060, 2019/8/16 13:11:0, 633
14910999, 1565961060, 2019/8/16 13:11:0, 633
14941999, 1565961060, 2019/8/16 13:11:0, 633
14972999, 1565961060, 2019/8/16 13:11:0, 633
15004000, 1565961060, 2019/8/16 13:11:0, 634
15034998, 1565961060, 2019/8/16 13:11:0, 633
15065999, 1565961060, 2019/8/16 13:11:0, 633
15096999, 1565961060, 2019/8/16 13:11:0, 633
15127999, 1565961060, 2019/8/16 13:11:0, 633
15158999, 1565961060, 2019/8/16 13:11:0, 633
15190000, 1565961060, 2019/8/16 13:11:0, 633
15220999, 1565961060, 2019/8/16 13:11:0, 634
15251998, 1565961060, 2019/8/16 13:11:0, 633
15283000, 1565961060, 2019/8/16 13:11:0, 634
15313999, 1565961060, 2019/8/16 13:11:0, 633
15344999, 1565961060, 2019/8/16 13:11:0, 634
15375998, 1565961060, 2019/8/16 13:11:0, 634
15407000, 1565961060, 2019/8/16 13:11:0, 633
15437999, 1565961060, 2019/8/16 13:11:0, 633
15468998, 1565961060, 2019/8/16 13:11:0, 633
15500000, 1565961060, 2019/8/16 13:11:0, 633
15530998, 1565961060, 2019/8/16 13:11:0, 633
15561999, 1565961060, 2019/8/16 13:11:0, 633
15592999, 1565961060, 2019/8/16 13:11:0, 633
15624000, 1565961060, 2019/8/16 13:11:0, 634
15654999, 1565961060, 2019/8/16 13:11:0, 634
15685999, 1565961060, 2019/8/16 13:11:0, 633
15716999, 1565961060, 2019/8/16 13:11:0, 633
15747998, 1565961060, 2019/8/16 13:11:0, 634
15778999, 1565961060, 2019/8/16 13:11:0, 634
15809998, 1565961060, 2019/8/16 13:11:0, 633
15841000, 1565961060, 2019/8/16 13:11:0, 633
15872000, 1565961060, 2019/8/16 13:11:0, 634
15902999, 1565961060, 2019/8/16 13:11:0, 633
15933999, 1565961060, 2019/8/16 13:11:0, 633
15964999, 1565961060, 2019/8/16 13:11:0, 633
15996000, 1565961060, 2019/8/16 13:11:0, 633
16026998, 1565961060, 2019/8/16 13:11:0, 633
16057999, 1565961060, 2019/8/16 13:11:0, 634
16088999, 1565961060, 2019/8/16 13:11:0, 633
16119999, 1565961060, 2019/8/16 13:11:0, 633
16150999, 1565961060, 2019/8/16 13:11:0, 633
16182000, 1565961060, 2019/8/16 13:11:0, 633
16212999, 1565961060, 2019/8/16 13:11:0, 634
16243998, 1565961060, 2019/8/16 13:11:0, 633
16274999, 1565961060, 2019/8/16 13:11:0, 633
16305999, 1565961060, 2019/8/16 13:11:0, 634
16336999, 1565961060, 2019/8/16 13:11:0, 633
16367998, 1565961060, 2019/8/16 13:11:0, 633
16398999, 1565961060, 2019/8/16 13:11:0, 634
16430000, 1565961060, 2019/8/16 13:11:0, 634
16460998, 1565961060, 2019/8/16 13:11:0, 634
16492000, 1565961060, 2019/8/16 13:11:0, 634
16522999, 1565961060, 2019/8/16 13:11:0, 634
16553999, 1565961060, 2019/8/16 13:11:0, 634
16584998, 1565961060, 2019/8/16 13:11:0, 634
16615999, 1565961060, 2019/8/16 13:11:0, 634
16646999, 1565961060, 2019/8/16 13:11:0, 634
16678000, 1565961060, 2019/8/16 13:11:0, 634
16709000, 1565961060, 2019/8/16 13:11:0, 634
16739998, 1565961060, 2019/8/16 13:11:0, 634
16770999, 1565961060, 2019/8/16 13:11:0, 633
16801999, 1565961060, 2019/8/16 13:11:0, 633
16832999, 1565961060, 2019/8/16 13:11:0, 634
16864000, 1565961060, 2019/8/16 13:11:0, 634
16895000, 1565961060, 2019/8/16 13:11:0, 634
16925999, 1565961060, 2019/8/16 13:11:0, 634
16956998, 1565961060, 2019/8/16 13:11:0, 633
16988000, 1565961060, 2019/8/16 13:11:0, 634
17018998, 1565961060, 2019/8/16 13:11:0, 634
17049999, 1565961060, 2019/8/16 13:11:0, 634
17080998, 1565961060, 2019/8/16 13:11:0, 633
17112000, 1565961060, 2019/8/16 13:11:0, 634
17142999, 1565961060, 2019/8/16 13:11:0, 633
17173999, 1565961060, 2019/8/16 13:11:0, 633
17205000, 1565961060, 2019/8/16 13:11:0, 633
17235998, 1565961060, 2019/8/16 13:11:0, 634
17266999, 1565961060, 2019/8/16 13:11:0, 634
17297999, 1565961060, 2019/8/16 13:11:0, 634
17328999, 1565961060, 2019/8/16 13:11:0, 634
17359998, 1565961060, 2019/8/16 13:11:0, 634
17390999, 1565961060, 2019/8/16 13:11:0, 634
17422000, 1565961060, 2019/8/16 13:11:0, 634
17452998, 1565961060, 2019/8/16 13:11:0, 634
17483999, 1565961060, 2019/8/16 13:11:0, 633
17514999, 1565961060, 2019/8/16 13:11:0, 634
17545999, 1565961060, 2019/8/16 13:11:0, 634
17576998, 1565961060, 2019/8/16 13:11:0, 634
17608000, 1565961060, 2019/8/16 13:11:0, 634
17639000, 1565961060, 2019/8/16 13:11:0, 634
17669999, 1565961060, 2019/8/16 13:11:0, 634
17700999, 1565961060, 2019/8/16 13:11:0, 634
17731999, 1565961060, 2019/8/16 13:11:0, 634
17762999, 1565961060, 2019/8/16 13:11:0, 634
17793998, 1565961060, 2019/8/16 13:11:0, 633
17824999, 1565961060, 2019/8/16 13:11:0, 634
17855998, 1565961060, 2019/8/16 13:11:0, 634
17886999, 1565961060, 2019/8/16 13:11:0, 634
17918000, 1565961060, 2019/8/16 13:11:0, 634
17948999, 1565961060, 2019/8/16 13:11:0, 634
17979999, 1565961060, 2019/8/16 13:11:0, 634
18010998, 1565961060, 2019/8/16 13:11:0, 633
18042000, 1565961060, 2019/8/16 13:11:0, 633
18072999, 1565961060, 2019/8/16 13:11:0, 634
18103999, 1565961060, 2019/8/16 13:11:0, 634
18134999, 1565961060, 2019/8/16 13:11:0, 634
18166000, 1565961060, 2019/8/16 13:11:0, 634
18196999, 1565961060, 2019/8/16 13:11:0, 634
18227998, 1565961060, 2019/8/16 13:11:0, 634
18259000, 1565961060, 2019/8/16 13:11:0, 634
18289999, 1565961060, 2019/8/16 13:11:0, 634
18320999, 1565961060, 2019/8/16 13:11:0, 634
18351998, 1565961060, 2019/8/16 13:11:0, 634
18383000, 1565961060, 2019/8/16 13:11:0, 634
18414000, 1565961060, 2019/8/16 13:11:0, 634
18444998, 1565961060, 2019/8/16 13:11:0, 634
18475999, 1565961060, 2019/8/16 13:11:0, 634
18506999, 1565961060, 2019/8/16 13:11:0, 634
18537998, 1565961060, 2019/8/16 13:11:0, 634
18568999, 1565961060, 2019/8/16 13:11:0, 634
18599999, 1565961060, 2019/8/16 13:11:0, 634
18630999, 1565961060, 2019/8/16 13:11:0, 634
18661999, 1565961060, 2019/8/16 13:11:0, 634
18693000, 1565961060, 2019/8/16 13:11:0, 634
18723998, 1565961060, 2019/8/16 13:11:0, 634
18754999, 1565961060, 2019/8/16 13:11:0, 634
18785999, 1565961060, 2019/8/16 13:11:0, 634
18817000, 1565961060, 2019/8/16 13:11:0, 634
18847998, 1565961060, 2019/8/16 13:11:0, 634
18878999, 1565961060, 2019/8/16 13:11:0, 634
18910000, 1565961060, 2019/8/16 13:11:0, 634
18940998, 1565961060, 2019/8/16 13:11:0, 634
18971999, 1565961060, 2019/8/16 13:11:0, 634
19002999, 1565961060, 2019/8/16 13:11:0, 634
19033999, 1565961060, 2019/8/16 13:11:0, 634
19064998, 1565961060, 2019/8/16 13:11:0, 634
19096000, 1565961060, 2019/8/16 13:11:0, 634
19127000, 1565961060, 2019/8/16 13:11:0, 634
19157999, 1565961060, 2019/8/16 13:11:0, 634
19188999, 1565961060, 2019/8/16 13:11:0, 634
19219999, 1565961060, 2019/8/16 13:11:0, 634
19250999, 1565961060, 2019/8/16 13:11:0, 634
19281998, 1565961060, 2019/8/16 13:11:0, 634
19313000, 1565961060, 2019/8/16 13:11:0, 634
19343998, 1565961060, 2019/8/16 13:11:0, 634
19374999, 1565961060, 2019/8/16 13:11:0, 634
19405999, 1565961060, 2019/8/16 13:11:0, 634
19436999, 1565961060, 2019/8/16 13:11:0, 634
19467999, 1565961060, 2019/8/16 13:11:0, 634
19498998, 1565961060, 2019/8/16 13:11:0, 634
19530000, 1565961060, 2019/8/16 13:11:0, 634
19560998, 1565961060, 2019/8/16 13:11:0, 634
19591999, 1565961060, 2019/8/16 13:11:0, 634
19622999, 1565961060, 2019/8/16 13:11:0, 634
19654000, 1565961060, 2019/8/16 13:11:0, 634
19685000, 1565961060, 2019/8/16 13:11:0, 634
19715998, 1565961060, 2019/8/16 13:11:0, 634
19746999, 1565961060, 2019/8/16 13:11:0, 635
19777999, 1565961060, 2019/8/16 13:11:0, 634
19809000, 1565961060, 2019/8/16 13:11:0, 634
19839998, 1565961060, 2019/8/16 13:11:0, 634
19870999, 1565961060, 2019/8/16 13:11:0, 634
19902000, 1565961060, 2019/8/16 13:11:0, 634
19932998, 1565961060, 2019/8/16 13:11:0, 634
19964000, 1565961060, 2019/8/16 13:11:0, 634
19994999, 1565961060, 2019/8/16 13:11:0, 634
20025999, 1565961060, 2019/8/16 13:11:0, 634
20056998, 1565961060, 2019/8/16 13:11:0, 634
20088000, 1565961060, 2019/8/16 13:11:0, 634
20119000, 1565961060, 2019/8/16 13:11:0, 634
20149999, 1565961060, 2019/8/16 13:11:0, 634
20180999, 1565961060, 2019/8/16 13:11:0, 634
20211999, 1565961060, 2019/8/16 13:11:0, 634
20243000, 1565961060, 2019/8/16 13:11:0, 635
20273998, 1565961060, 2019/8/16 13:11:0, 634
20305000, 1565961060, 2019/8/16 13:11:0, 634
20335998, 1565961060, 2019/8/16 13:11:0, 634
20366999, 1565961060, 2019/8/16 13:11:0, 634
20398000, 1565961060, 2019/8/16 13:11:0, 634
20428999, 1565961060, 2019/8/16 13:11:0, 634
20460000, 1565961060, 2019/8/16 13:11:0, 634
20490998, 1565961060, 2019/8/16 13:11:0, 634
20521999, 1565961060, 2019/8/16 13:11:0, 635
20552999, 1565961060, 2019/8/16 13:11:0, 634
20584000, 1565961060, 2019/8/16 13:11:0, 634
20614999, 1565961060, 2019/8/16 13:11:0, 634
20646000, 1565961060, 2019/8/16 13:11:0, 634
20676999, 1565961060, 2019/8/16 13:11:0, 634
20707998, 1565961060, 2019/8/16 13:11:0, 634
20739000, 1565961060, 2019/8/16 13:11:0, 634
20769999, 1565961060, 2019/8/16 13:11:0, 634
20800999, 1565961060, 2019/8/16 13:11:0, 634
20831998, 1565961060, 2019/8/16 13:11:0, 634
20863000, 1565961060, 2019/8/16 13:11:0, 634
20894000, 1565961060, 2019/8/16 13:11:0, 634
20924998, 1565961060, 2019/8/16 13:11:0, 634
20956000, 1565961060, 2019/8/16 13:11:0, 634
20986998, 1565961060, 2019/8/16 13:11:0, 634
21017999, 1565961060, 2019/8/16 13:11:0, 634
21048999, 1565961060, 2019/8/16 13:11:0, 634
21080000, 1565961060, 2019/8/16 13:11:0, 634
21110999, 1565961060, 2019/8/16 13:11:0, 634
21141999, 1565961060, 2019/8/16 13:11:0, 634
21173000, 1565961060, 2019/8/16 13:11:0, 634
21203999, 1565961060, 2019/8/16 13:11:0, 634
21234999, 1565961060, 2019/8/16 13:11:0, 634
21265998, 1565961060, 2019/8/16 13:11:0, 634
21297000, 1565961060, 2019/8/16 13:11:0, 634
21327998, 1565961060, 2019/8/16 13:11:0, 634
21358999, 1565961060, 2019/8/16 13:11:0, 634
21390000, 1565961060, 2019/8/16 13:11:0, 634
21420998, 1565961060, 2019/8/16 13:11:0, 635
21451999, 1565961060, 2019/8/16 13:11:0, 634
21482998, 1565961060, 2019/8/16 13:11:0, 634
21514000, 1565961060, 2019/8/16 13:11:0, 634
21544998, 1565961060, 2019/8/16 13:11:0, 634
21575999, 1565961060, 2019/8/16 13:11:0, 634
21607000, 1565961060, 2019/8/16 13:11:0, 634
21638000, 1565961060, 2019/8/16 13:11:0, 634
21668999, 1565961060, 2019/8/16 13:11:0, 634
21699999, 1565961060, 2019/8/16 13:11:0, 634
21731000, 1565961060, 2019/8/16 13:11:0, 634
21761998, 1565961060, 2019/8/16 13:11:0, 634
21792999, 1565961060, 2019/8/16 13:11:0, 634
21824000, 1565961060, 2019/8/16 13:11:0, 634
21855000, 1565961060, 2019/8/16 13:11:0, 634
21885999, 1565961060, 2019/8/16 13:11:0, 634
21916998, 1565961060, 2019/8/16 13:11:0, 635
21948000, 1565961060, 2019/8/16 13:11:0, 634
21978999, 1565961060, 2019/8/16 13:11:0, 634
22009999, 1565961060, 2019/8/16 13:11:0, 634
22040998, 1565961060, 2019/8/16 13:11:0, 635
22072000, 1565961060, 2019/8/16 13:11:0, 634
22103000, 1565961060, 2019/8/16 13:11:0, 634
22134000, 1565961060, 2019/8/16 13:11:0, 634
22165000, 1565961060, 2019/8/16 13:11:0, 634
22195998, 1565961060, 2019/8/16 13:11:0, 634
22226999, 1565961060, 2019/8/16 13:11:0, 634
22257998, 1565961060, 2019/8/16 13:11:0, 634
22288999, 1565961060, 2019/8/16 13:11:0, 634
22319998, 1565961060, 2019/8/16 13:11:0, 634
22350998, 1565961060, 2019/8/16 13:11:0, 634
22382000, 1565961060, 2019/8/16 13:11:0, 634
22412999, 1565961060, 2019/8/16 13:11:0, 634
22444000, 1565961060, 2019/8/16 13:11:0, 634
22474998, 1565961060, 2019/8/16 13:11:0, 634
22505999, 1565961060, 2019/8/16 13:11:0, 634
22536998, 1565961060, 2019/8/16 13:11:0, 634
22568000, 1565961060, 2019/8/16 13:11:0, 634
22599000, 1565961060, 2019/8/16 13:11:0, 634
22630000, 1565961060, 2019/8/16 13:11:0, 634
22660999, 1565961060, 2019/8/16 13:11:0, 634
22691999, 1565961060, 2019/8/16 13:11:0, 634
22723000, 1565961060, 2019/8/16 13:11:0, 634
22753998, 1565961060, 2019/8/16 13:11:0, 634
22784999, 1565961060, 2019/8/16 13:11:0, 634
22816000, 1565961060, 2019/8/16 13:11:0, 634
22846999, 1565961060, 2019/8/16 13:11:0, 634
22877999, 1565961060, 2019/8/16 13:11:0, 635
22908998, 1565961060, 2019/8/16 13:11:0, 634
22940000, 1565961060, 2019/8/16 13:11:0, 634
22970998, 1565961060, 2019/8/16 13:11:0, 634
23001999, 1565961060, 2019/8/16 13:11:0, 634
23032999, 1565961060, 2019/8/16 13:11:0, 634
23063999, 1565961060, 2019/8/16 13:11:0, 634
23094999, 1565961060, 2019/8/16 13:11:0, 634
23126000, 1565961060, 2019/8/16 13:11:0, 634
23157000, 1565961060, 2019/8/16 13:11:0, 634
23187998, 1565961060, 2019/8/16 13:11:0, 634
23218999, 1565961060, 2019/8/16 13:11:0, 634
23249999, 1565961060, 2019/8/16 13:11:0, 634
23280999, 1565961060, 2019/8/16 13:11:0, 634
23311998, 1565961060, 2019/8/16 13:11:0, 634
23342999, 1565961060, 2019/8/16 13:11:0, 634
23373999, 1565961060, 2019/8/16 13:11:0, 634
23404999, 1565961060, 2019/8/16 13:11:0, 635
23435999, 1565961060, 2019/8/16 13:11:0, 634
23466999, 1565961060, 2019/8/16 13:11:0, 635
23498000, 1565961060, 2019/8/16 13:11:0, 634
23528998, 1565961060, 2019/8/16 13:11:0, 635
23559999, 1565961060, 2019/8/16 13:11:0, 634
23591000, 1565961060, 2019/8/16 13:11:0, 634
23622000, 1565961060, 2019/8/16 13:11:0, 634
23652999, 1565961060, 2019/8/16 13:11:0, 634
23683998, 1565961060, 2019/8/16 13:11:0, 634
23715000, 1565961060, 2019/8/16 13:11:0, 634
23745998, 1565961060, 2019/8/16 13:11:0, 636
23776999, 1565961060, 2019/8/16 13:11:0, 625
23808000, 1565961060, 2019/8/16 13:11:0, 626
23839000, 1565961060, 2019/8/16 13:11:0, 625
23869999, 1565961060, 2019/8/16 13:11:0, 624
